Test Type, Average Runtime (ms), Standard Deviation (ms), Number of Samples
Serial, 7.933333, 0.827682, 30
Mutex T1, 9.490909, 0.690483, 55
Mutex T2, 58.666667, 5.529440, 30
Mutex T4, 34.700000, 2.423306, 30
Mutex T8, 42.600000, 9.441654, 30
RW Lock T1, 17.700000, 3.007462, 30
RW Lock T2, 32.300000, 2.984442, 30
RW Lock T4, 38.066667, 0.691491, 30
RW Lock T8, 41.800000, 2.340056, 30
